id,name,author,isbn,created
1,intermediate,Dorree Wakelin,095015434-2,1979-02-24T22:18:06Z
2,Versatile,Nolie Sange,003263001-8,1972-09-22T00:10:59Z
3,secured line,Meaghan Dearness,526765020-X,1981-01-15T18:56:49Z
4,human-resource,Shaine Covington,490679156-5,2013-11-23T02:09:46Z
5,Exclusive,Zola Hullock,658634198-1,1996-06-26T09:17:57Z
6,alliance,Carree Plumptre,691531699-X,1979-02-24T10:08:54Z
7,regional,Julieta De Laspee,476648246-8,1970-06-01T13:53:14Z
8,artificial intelligence,Romain Comino,339593443-8,2012-03-25T19:35:09Z
9,coherent,Fionna Beneze,611295609-8,1983-09-19T08:53:25Z
10,Extended,Hope Meneur,209790420-3,1990-02-12T11:28:18Z
11,Up-sized,Loren Oakland,855755092-8,1991-05-26T16:30:58Z
12,encompassing,Renaldo Swyn,447815809-6,2005-04-30T12:11:08Z
13,bi-directional,Welch Bartrap,825649018-7,1997-01-21T07:33:24Z
14,Devolved,Donaugh Lindeberg,945196179-8,1996-01-27T10:33:28Z
15,intangible,Loutitia Lanney,062750451-5,2019-07-26T07:04:06Z
16,Assimilated,Jamal Fautly,379466205-9,1998-08-11T00:34:41Z
17,Re-contextualized,Murielle Wraighte,462276711-2,1991-04-06T20:01:35Z
18,incremental,Ashbey Gair,870901497-7,1973-01-30T11:32:52Z
19,application,Hillyer McTurley,122285277-2,2008-08-16T15:30:37Z
20,access,Julius Leadbeatter,596500649-7,2013-07-07T03:11:42Z
21,Phased,Francyne Heale,716904644-X,2014-10-21T15:16:47Z
22,grid-enabled,Elwin Alywin,532572324-3,1996-02-08T13:09:12Z
23,forecast,Janene Atwill,541687387-6,2001-04-07T17:59:25Z
24,optimizing,Faina Goley,298227088-9,1989-08-19T14:32:24Z
25,maximized,Archy Salamon,800235224-6,1994-04-18T03:44:49Z
26,full-range,Jasen Varran,950705095-7,2008-02-29T06:23:12Z
27,Organized,Tiffi Vaen,424267709-X,1977-12-21T09:15:04Z
28,extranet,Trueman Wolledge,932747818-5,1983-04-24T15:08:34Z
29,Cloned,Pauli Larraway,957860180-8,2007-01-07T23:29:37Z
30,structure,Collette Tuxill,170322894-4,2016-11-30T22:02:22Z
31,Re-engineered,Kiele Empleton,152152518-8,1989-11-24T07:36:40Z
32,Reverse-engineered,Urbain Savile,541570578-3,1986-05-04T01:58:15Z
33,Streamlined,Theodore Capes,746479680-2,1981-03-09T17:47:12Z
34,upward-trending,Raychel Smithyman,362005635-8,1974-04-08T00:03:01Z
35,global,Nonah Cowser,299931736-0,1995-09-12T15:45:31Z
36,website,Erick Kerford,187294268-7,2020-12-01T03:26:11Z
37,time-frame,Lauryn Holwell,306024460-X,1971-08-06T04:19:24Z
38,Configurable,Cordy Husher,163707237-6,2018-01-17T19:02:21Z
39,tangible,Marysa Yanukhin,175364820-3,1977-12-17T04:45:58Z
40,throughput,Emlynn Willimont,832336788-4,1970-09-08T03:01:02Z
41,leading edge,Barbee Merveille,577993878-4,1972-01-12T15:08:51Z
42,stable,Margaretha Roscrigg,724178812-5,2019-03-31T12:14:52Z
43,challenge,Marlie Stenett,767764969-6,1994-05-11T16:46:06Z
44,info-mediaries,Patty Gooders,373790511-8,2020-08-14T21:36:14Z
45,collaboration,Bary Seacombe,196108477-5,1992-05-07T19:08:32Z
46,Virtual,Jillene Blasetti,488240838-4,1982-05-26T13:32:25Z
47,migration,Leigha Notman,883864547-7,1996-08-20T11:57:20Z
48,solution-oriented,Birgit Mutimer,505431868-2,1997-04-06T09:27:49Z
49,secondary,Lisle Hender,816439038-0,1991-12-24T08:08:40Z
50,upward-trending,Bekki Markovic,524843794-6,1973-12-30T03:04:18Z
51,Reduced,Pren Duddle,370867748-X,1973-03-31T14:05:18Z
52,mobile,Kira Junifer,620079736-6,1973-10-04T08:19:20Z
53,encryption,Ollie Filyashin,345233499-6,1986-02-24T23:24:31Z
54,foreground,Kristal Haydock,718013540-2,1984-07-24T00:01:03Z
55,Stand-alone,Megen Cosbey,132575570-2,1981-06-12T06:26:02Z
56,project,Merv McAusland,977829924-2,1990-04-21T00:20:00Z
57,protocol,Heinrick Bensley,306879169-3,2003-10-07T23:27:26Z
58,Pre-emptive,Adham Minchenton,069363019-1,1972-08-10T13:58:15Z
59,logistical,Blithe Strowther,860584204-0,2020-05-09T13:36:26Z
60,transitional,Keane Pittam,702296041-0,2020-02-27T16:43:51Z
61,Sharable,Nananne Robertsson,386502743-1,1984-04-12T16:36:57Z
62,support,Dalia Mount,970113208-4,1977-05-29T05:45:33Z
63,attitude,Gae Tenwick,400633775-2,2016-06-22T15:14:18Z
64,budgetary management,Paulina Ellicombe,786473149-X,1995-09-16T10:52:24Z
65,tertiary,Hort Troake,892020406-3,2019-09-03T20:28:47Z
66,superstructure,Berkeley Dewhirst,808338482-8,2012-08-10T18:33:43Z
67,algorithm,Elga Aslam,458428903-4,1971-04-17T10:56:37Z
68,Managed,Mufi Peter,658109462-5,2002-03-03T15:05:33Z
69,archive,Saree Hegdonne,269688489-7,2007-08-01T13:52:32Z
70,5th generation,Annissa McIlreavy,696610278-4,1978-05-03T19:51:08Z
71,scalable,Waylen Carlan,182788127-5,1981-09-08T14:50:16Z
72,Customer-focused,Ase Jaxon,238111826-8,1972-09-22T05:33:50Z
73,homogeneous,Jamil Harsnep,304731685-6,1996-07-31T16:04:57Z
74,projection,Eydie Bursnall,856943774-9,1992-01-05T02:08:43Z
75,Open-architected,Silvanus Godier,630585021-6,2010-09-06T10:28:16Z
76,Optimized,Ursulina Jeschner,034834502-X,2017-12-02T20:14:45Z
77,hybrid,Yorgo Lamzed,789255786-5,2013-11-07T01:41:38Z
78,Mandatory,Boote Pohls,014504165-4,1997-04-11T04:00:00Z
79,Vision-oriented,Emera Wheadon,765211811-5,2014-05-02T17:41:46Z
80,client-server,Toma Voaden,463205064-4,2009-09-14T06:29:42Z
81,Decentralized,Willy Minshall,817132962-4,1993-08-16T19:16:22Z
82,asymmetric,Haleigh McCalister,127216091-2,2002-06-20T13:19:52Z
83,system engine,Terrence Bartosiak,069694251-8,1994-06-12T15:46:03Z
84,systematic,Eleanore Mariel,929579086-3,2018-03-13T13:08:59Z
85,Implemented,Mortie Olyfant,850374820-7,1985-03-20T14:30:09Z
86,leading edge,Mina Pedracci,133424988-1,1983-11-21T00:09:18Z
87,scalable,Vita Dartnell,896931580-2,2018-03-15T15:13:50Z
88,intermediate,Emmye Teal,581769781-5,1977-11-03T13:40:47Z
89,modular,Oriana Lyte,650779548-8,1991-06-05T21:15:05Z
90,actuating,Rebeca Nuttey,790689643-2,1971-01-17T00:12:30Z
91,empowering,Constantino Bagger,171828947-2,1977-04-27T02:38:05Z
92,De-engineered,Marcelline Standish-Brooks,788063309-X,1992-08-14T06:57:26Z
93,Optional,Ellynn Haines,252105380-5,1999-12-19T06:57:30Z
94,asynchronous,Paola Jurries,617420374-3,2016-12-16T00:18:00Z
95,software,Aretha Skaif,245763204-8,2005-01-22T00:29:49Z
96,zero administration,Bryn Tuftin,452900572-0,2005-12-24T09:27:38Z
97,moratorium,Gifford Guido,849494323-5,1970-08-09T21:24:54Z
98,initiative,Bette Capon,010825218-3,2004-06-04T15:51:40Z
99,high-level,Ab Benettolo,084834127-9,1983-10-22T18:32:47Z
100,Business-focused,Sayre Adie,520745669-5,2007-06-22T03:10:48Z
101,capacity,Adriena Wylie,100983851-2,2017-02-24T03:50:31Z
102,Sharable,Gene Atger,223643032-9,1974-05-09T03:51:58Z
103,grid-enabled,Flori Clewlowe,891706222-9,2002-08-07T16:45:10Z
104,neural-net,Belinda Todarini,587717056-2,2013-01-07T00:40:57Z
105,zero tolerance,Hally Garrioch,447466696-8,2019-09-13T10:41:17Z
106,directional,Gloriana Pendrid,838507900-9,1980-10-31T20:15:37Z
107,next generation,Dorey Tacker,485767574-9,1984-01-17T00:27:29Z
108,Enterprise-wide,Donnamarie Milroy,270611800-8,2012-02-02T21:29:11Z
109,time-frame,Torin Olivie,729664682-9,1991-01-03T14:29:56Z
110,global,Ban Harrowsmith,679247131-3,1990-04-03T14:40:00Z
111,budgetary management,Susie Cotilard,523531107-8,1972-12-27T21:25:34Z
112,standardization,Dorie Deware,854408060-X,2014-10-14T09:53:35Z
113,Open-source,Caritta Blankenship,443927703-9,1972-10-03T05:21:08Z
114,leverage,Fields Lorey,255489622-4,1984-08-06T23:07:56Z
115,reciprocal,Emmaline Romao,521311887-9,1970-11-09T00:56:33Z
116,Distributed,Agace Deas,646500390-2,1990-06-16T16:00:57Z
117,bifurcated,Kris Dow,886544765-6,1973-10-09T16:23:58Z
118,approach,Beitris Harby,474007550-4,2019-03-08T07:58:10Z
119,zero defect,Tiffanie Banyard,669900891-9,1998-01-21T02:04:55Z
120,website,Alexandr Falck,722137836-3,1985-09-27T08:57:27Z
121,benchmark,Manuel Itscovitz,409887564-0,1980-06-14T12:35:16Z
122,hub,Merill Kingsbury,048439361-8,1996-08-20T10:09:17Z
123,Distributed,Morrie Metzke,763110764-5,1982-01-17T19:55:28Z
124,methodical,Conrado Mitie,187591773-X,1975-03-17T19:58:40Z
125,Upgradable,Stevena Larret,442665584-6,1992-08-18T14:03:23Z
126,Grass-roots,Ilyse Schwandermann,566684496-2,2004-01-31T14:01:03Z
127,content-based,Siusan Attarge,945215469-1,2011-11-02T20:36:41Z
128,task-force,Gui Gislebert,906598880-7,1997-04-16T17:35:32Z
129,application,Marissa Munn,590444831-7,2008-02-18T09:29:39Z
130,zero administration,Pate Freed,726651661-7,1998-10-23T07:12:08Z
131,Managed,Karlie Hazard,636700925-6,2013-09-06T00:30:17Z
132,fresh-thinking,Guenevere Shortcliffe,587935822-4,1995-04-11T22:47:47Z
133,User-centric,Alysia Piperley,868477281-4,1994-12-14T07:43:11Z
134,budgetary management,Terrel Tewes,648657115-2,1977-11-01T09:42:00Z
135,archive,Meredith Dunnan,386445403-4,2006-01-15T00:52:45Z
136,hierarchy,Lawton Costello,351553150-5,1999-08-25T21:54:57Z
137,model,Leif Emblin,251957158-6,1973-03-13T02:22:16Z
138,Triple-buffered,Marcus Sieghard,122716824-1,2013-11-05T20:43:55Z
139,zero administration,Frederich Paoli,812615312-1,2002-09-08T22:47:37Z
140,clear-thinking,Bobbee Aggus,406758302-8,1996-04-09T20:09:17Z
141,systemic,Sharyl Belz,726757481-5,2014-03-29T19:03:56Z
142,Graphical User Interface,Myrle Le Noire,245859131-0,1973-10-01T21:20:59Z
143,5th generation,Lyn Losbie,261071017-8,2010-12-18T20:27:40Z
144,Optimized,Marten Boyda,046403486-8,1999-07-02T07:18:44Z
145,complexity,Stacy Coldridge,771459006-8,1986-05-31T11:26:50Z
146,Optimized,Moe Thickett,843776978-7,2003-12-23T08:48:06Z
147,Automated,Tomasina Woolvin,325054278-4,1995-12-07T01:56:26Z
148,Reactive,Giusto Gilbart,256299858-8,1971-02-23T00:50:19Z
149,monitoring,Papageno Zettoi,304228100-0,1983-08-10T06:14:01Z
150,Seamless,Bryan Astling,473400523-0,1998-03-08T09:17:41Z
151,Synergistic,Rosella Pieracci,467234992-6,2020-05-04T04:58:13Z
152,contingency,Hermina Skillett,253531404-5,1990-07-23T04:50:48Z
153,radical,Lisle Christofe,607018054-2,2003-10-07T00:33:44Z
154,Fundamental,Aloysius Rivaland,151039429-X,2010-08-23T08:13:51Z
155,infrastructure,Jo-anne Scowen,336698428-7,1986-07-09T04:28:18Z
156,moderator,Rafferty Tomasini,069756992-6,1989-02-05T22:44:27Z
157,groupware,Idell Tschierasche,545409294-0,2009-07-04T07:25:55Z
158,secondary,Renie Adlam,165563228-0,1989-10-13T07:13:51Z
159,impactful,Laura Aluard,164760746-9,2003-05-04T02:27:07Z
160,Organized,Lesya Edinburough,730438090-X,1993-01-09T22:14:16Z
161,help-desk,Adora Priscott,065840091-6,1986-04-28T00:52:20Z
162,methodical,Ive Gillam,403522870-2,1987-01-06T16:28:05Z
163,hub,Vin O'Bruen,876908205-7,1979-12-27T03:43:13Z
164,Balanced,Geraldine Greenhaugh,044400307-X,1978-01-19T12:15:51Z
165,Centralized,Moria Kunze,288257163-1,1987-03-17T05:42:55Z
166,capacity,Asia Probart,927901972-4,1987-12-11T10:07:44Z
167,Networked,Dennie Bletsor,812113022-0,1993-09-22T16:58:10Z
168,Multi-tiered,Issiah Rutherforth,747750050-8,2013-05-24T14:45:50Z
169,pricing structure,Vonni Ell,506262011-2,1971-03-15T11:48:23Z
170,explicit,Lee Wyld,161402770-6,1972-03-24T16:22:56Z
171,Fundamental,Diahann Coonihan,846229538-6,1989-01-14T00:24:58Z
172,Fundamental,Peirce Whitington,848496529-5,1987-05-21T23:29:31Z
173,utilisation,Odessa Elmer,354351737-6,2001-03-24T13:06:55Z
174,uniform,Etta Yanshinov,356370239-X,1992-05-17T07:22:21Z
175,alliance,Delainey Hacaud,218326417-9,1970-06-04T07:07:50Z
176,support,Wain Glamart,086468485-1,1990-07-12T01:17:11Z
177,Right-sized,Paulie Berecloth,786722816-0,2004-05-01T06:18:14Z
178,collaboration,Tildie Cheng,421714868-2,1986-08-14T10:14:01Z
179,bottom-line,Maris Teare,422067148-X,1998-04-21T17:31:17Z
180,system-worthy,Menard Reuble,898335920-X,1998-08-05T17:40:30Z
181,Right-sized,Fania MacFadzean,019911187-1,1986-10-28T03:17:03Z
182,Triple-buffered,Sophia Cackett,685731623-6,1977-10-09T22:10:06Z
183,cohesive,Webb Fiander,876528955-2,1990-11-06T19:57:47Z
184,framework,Maxy Vinton,526212400-3,1979-09-01T04:11:14Z
185,Triple-buffered,Ivor Jopke,806955661-7,1971-02-08T01:24:04Z
186,explicit,Issi Damsell,816349774-2,1983-06-21T15:03:59Z
187,circuit,Nil Curston,662286073-4,1970-08-07T09:51:50Z
188,Extended,Constance Swigger,790524636-1,2003-01-20T10:57:45Z
189,paradigm,Michele Karlqvist,344589145-1,2008-08-13T11:23:04Z
190,Sharable,Tedd Thunder,863540300-2,1974-07-25T15:56:03Z
191,Customizable,Sari Sacaze,630423017-6,1986-03-17T18:22:27Z
192,Front-line,Ximenez Gowman,146302112-7,1971-03-18T22:06:11Z
193,hybrid,Roxi Kiossel,782813288-3,1999-02-27T09:59:08Z
194,productivity,Lizzie Floweth,317462813-X,1998-08-16T12:52:24Z
195,empowering,Nan Scholte,574657110-5,1978-05-29T10:39:53Z
196,Sharable,Bertie Chastenet,345575716-2,1982-12-01T05:08:34Z
197,Team-oriented,Glad Rielly,424418965-3,1983-05-09T10:10:11Z
198,workforce,Korrie Swale,649541086-7,2003-02-06T10:52:08Z
199,data-warehouse,Dominick Beadel,524031726-7,1975-04-02T13:02:18Z
200,matrix,Aksel Adney,152044111-8,2008-01-29T12:48:42Z
201,firmware,Onofredo Lukovic,468535614-4,2007-05-03T08:54:40Z
202,clear-thinking,Elsworth Chainey,149544862-2,1986-09-08T01:04:19Z
203,synergy,Deny Bausor,280504219-0,1973-10-25T01:33:53Z
204,function,Mabel Vokes,923605091-3,2015-09-26T11:27:13Z
205,6th generation,Ainsley Eglington,794527994-5,2015-02-03T09:20:48Z
206,full-range,Gaby Di Franceschi,105481475-9,1978-12-21T13:38:02Z
207,3rd generation,Joell Darrow,018919977-6,1983-08-11T14:43:23Z
208,focus group,Car Newlyn,361780103-X,2006-07-28T21:02:54Z
209,approach,Brent Crate,270282525-7,1983-03-20T08:11:14Z
210,Fundamental,Anson Delcastel,642049072-3,2012-01-25T00:27:16Z
211,uniform,Alaster Staries,843918063-2,2008-07-09T20:22:42Z
212,array,Isa McCrossan,442872999-5,2011-03-25T00:54:47Z
213,bottom-line,Farlay Zimek,267555059-0,2002-03-18T16:16:40Z
214,Advanced,Constantia Byard,183785088-7,2002-01-22T21:59:58Z
215,Configurable,Bailey Cicco,031429482-1,2005-11-29T04:27:26Z
216,Inverse,Gibby Skpsey,250127656-6,2008-09-03T15:03:35Z
217,leverage,Levon Birdall,465321435-2,1983-10-01T07:23:11Z
218,tertiary,Meredith Chesnut,619486663-2,1970-02-15T01:47:49Z
219,Enhanced,Ken Mackrell,263324855-1,2005-04-24T01:57:28Z
220,Monitored,Vlad Calf,970798153-9,2014-10-06T22:11:05Z
221,analyzing,Parry Bellew,442549589-6,1979-09-30T20:25:49Z
222,Horizontal,Chad Broske,100405980-9,2004-11-17T03:18:07Z
223,Future-proofed,Joshua Hartzog,847605790-3,2012-08-16T18:57:55Z
224,Grass-roots,Daryn Neenan,025059480-3,2005-08-14T21:44:54Z
225,Multi-tiered,Gracie Rotherforth,776537353-6,2017-05-14T16:26:15Z
226,hub,Yule Figurski,068643587-7,1984-09-24T12:12:50Z
227,Managed,Donia Phethean,019627471-0,1978-12-17T14:08:31Z
228,strategy,Henrietta Conway,266358467-3,1995-11-10T07:30:12Z
229,Advanced,Fredi Brumbie,538330738-9,2012-01-30T10:52:09Z
230,Profound,Emmalynn Rowston,885057607-2,2001-12-18T11:47:40Z
231,open system,Michaella Checchetelli,180689487-4,2003-09-05T20:35:47Z
232,Exclusive,Andreas Farra,139629342-6,1987-03-16T18:35:13Z
233,encryption,Alard Joskowicz,363926039-2,2008-09-05T20:53:37Z
234,Multi-layered,Noland Northridge,312314633-2,2007-05-24T13:33:46Z
235,artificial intelligence,Stephannie D'Costa,910242783-4,2016-11-17T21:35:51Z
236,Total,Renell Marvelley,365676589-8,1971-03-18T02:09:15Z
237,Networked,Cindie Gilmour,293272123-2,2018-08-04T00:18:47Z
238,Phased,Ronald Cadwallader,084326924-3,1994-01-21T14:12:43Z
239,database,Catlee Swainsbury,652474130-7,2002-06-08T20:26:40Z
240,firmware,Georgine Severns,475678135-7,1973-06-18T14:19:26Z
241,policy,Marian Holsall,499551102-4,1990-07-20T00:49:34Z
242,Distributed,Bethany Siggers,500879582-1,1986-01-29T02:04:47Z
243,analyzer,Kariotta Karlsson,191116786-3,1994-04-24T22:02:51Z
244,parallelism,Dorolisa Ritch,104624204-0,2020-08-27T20:57:34Z
245,Intuitive,Kaela Deek,051831960-1,1996-07-05T08:59:38Z
246,high-level,Megan Coale,175839389-0,2004-08-27T17:16:16Z
247,orchestration,Tiff Caveill,849746488-5,1983-09-29T13:28:09Z
248,leverage,Cal Dedrick,748110990-7,1972-12-03T05:49:07Z
249,Mandatory,Clayton Battman,498819422-1,1979-02-05T21:33:05Z
250,Proactive,Karlotta Kenney,011420488-8,1994-09-06T17:42:53Z
251,ability,Marnie D'Hooge,833734322-2,2010-05-29T04:35:55Z
252,toolset,Alethea Georgi,218704848-9,1997-02-27T09:26:05Z
253,24 hour,Gratiana St Clair,081473557-6,1970-11-22T06:21:51Z
254,interactive,Karolina Debrick,614671633-2,1994-12-27T19:07:09Z
255,Enhanced,Glen Fowlie,332977334-0,2003-09-15T16:33:09Z
256,radical,Rebekah Bowshire,216210912-3,1986-04-02T15:55:03Z
257,functionalities,Bendick Pawelski,981357335-X,1984-01-27T16:49:36Z
258,needs-based,Tito Fazan,137659909-0,1980-12-16T21:26:06Z
259,homogeneous,Mindy Rutledge,988952085-0,2004-11-24T04:14:05Z
260,regional,Etan Eilert,288771684-0,2014-03-27T06:06:40Z
261,asynchronous,Rosalinda Ivakin,388692387-8,1973-04-04T04:17:09Z
262,challenge,Tarra Oxherd,894681893-X,1994-02-15T16:39:01Z
263,Profit-focused,Ava Davidow,026919446-0,1992-06-11T16:40:13Z
264,encryption,Teresina Sutton,962555857-8,1982-06-11T05:55:39Z
265,database,Tamarah Meade,883413382-X,1992-12-03T09:55:26Z
266,neural-net,Renae Tillard,250556619-4,2015-04-28T23:18:46Z
267,clear-thinking,Gail Smallridge,469115267-9,1973-10-04T01:32:01Z
268,instruction set,Huntlee Vinas,716712089-8,1976-02-02T02:18:03Z
269,dynamic,Vivi Harmant,962311682-9,2001-10-01T05:21:04Z
270,reciprocal,Rriocard Gorvin,754918122-5,1976-07-08T15:45:55Z
271,Function-based,Harmon MacLleese,540384076-1,1984-05-10T06:02:00Z
272,Cross-group,Sherrie Gomes,992328181-7,1996-08-15T22:49:48Z
273,regional,Francyne Pestridge,598886012-5,2003-11-16T08:53:10Z
274,attitude,Erv Howselee,422453872-5,2016-04-20T12:07:26Z
275,ability,Keely Brownrigg,382004292-X,2009-07-26T13:13:37Z
276,forecast,Cymbre Kesey,513401350-0,1991-07-30T06:29:31Z
277,Stand-alone,Shelbi Poulglais,368813700-0,1972-12-07T09:57:30Z
278,Synergistic,Alf Malthouse,952724736-5,2020-07-16T11:44:11Z
279,multi-state,Joycelin Simnell,875610376-X,1987-05-03T07:39:22Z
280,directional,Rosana Abramovitch,770349138-1,1988-04-09T02:09:52Z
281,methodology,Isidoro Jeram,579980712-X,2007-03-07T01:54:37Z
282,Implemented,Stormie Cirlos,491395249-8,1979-03-03T19:52:35Z
283,clear-thinking,Barrie Bamling,384851685-3,2017-01-30T16:15:52Z
284,Synchronised,Geralda Noddle,135880114-2,2009-05-10T22:10:18Z
285,circuit,Berna McMakin,496241622-7,1973-09-03T15:46:27Z
286,application,Britte Berceros,986622879-7,2007-07-17T18:51:53Z
287,benchmark,Gaven Robertazzi,660170018-5,1996-01-04T21:12:18Z
288,encoding,Dame Lundbeck,236138723-9,2002-11-02T12:51:03Z
289,4th generation,Valentijn Ruberry,342298240-X,2015-07-05T20:33:18Z
290,Focused,Giles Tranmer,897360865-7,2005-11-04T17:05:29Z
291,Managed,Tallulah Willbond,969401862-5,2011-12-03T02:30:34Z
292,disintermediate,Ericha Pedlingham,861654714-2,2000-07-29T06:03:00Z
293,Pre-emptive,Tristam Concannon,840255322-2,1992-09-17T20:05:43Z
294,24/7,Chuck Rignoldes,441900008-2,1995-06-03T12:07:20Z
295,zero defect,Paola Barensky,385089702-8,1993-04-26T06:14:28Z
296,groupware,Bradley Grantham,557225685-4,2017-02-14T13:28:00Z
297,reciprocal,Solly Kubasek,744007078-X,2018-12-05T02:30:58Z
298,4th generation,Sidney Udie,282736077-2,1985-08-21T05:52:21Z
299,adapter,Keri Ashworth,915392354-5,2019-10-01T14:41:10Z
300,dedicated,Lacey Skune,625673139-5,2019-04-14T20:05:26Z
301,Versatile,Olwen De Malchar,369184347-6,1971-01-06T13:40:56Z
302,initiative,Chelsae Krebs,549781497-2,1970-03-23T21:47:46Z
303,Networked,Angil Inkle,995820638-2,1980-12-07T01:40:19Z
304,Profit-focused,Laurette Dyte,399290757-0,1976-01-02T02:23:50Z
305,Versatile,Jaymie Fantham,685867228-1,2020-04-22T19:54:20Z
306,context-sensitive,Derek Yeoman,969820580-2,2014-01-20T02:45:26Z
307,empowering,Hardy Dillicate,197096372-7,1983-03-01T13:48:45Z
308,software,Corey Rigler,340523288-0,2011-01-21T03:02:31Z
309,Future-proofed,Grace Dumsday,566353862-3,2019-03-20T22:16:00Z
310,software,Sibella Petyankin,658687410-6,1984-04-13T14:52:36Z
311,conglomeration,Rodolph Worsam,488923276-1,2008-07-13T01:51:20Z
312,solution-oriented,Adoree Portis,083051795-2,2010-11-01T09:49:49Z
313,Profound,Matti Hacksby,092062800-1,2020-08-31T07:45:26Z
314,Mandatory,Any Ebrall,978433206-X,2011-05-13T12:02:30Z
315,object-oriented,Dorita Wiszniewski,568013907-3,2019-05-03T06:14:43Z
316,Reduced,Grove Nilles,976226144-5,1977-05-24T11:29:33Z
317,infrastructure,Chrissie Padula,449225341-6,2005-06-18T03:21:27Z
318,client-driven,Isa Sutton,504508886-6,1971-12-26T01:52:43Z
319,Focused,Bettina De Domenicis,861462951-6,1972-12-19T00:22:48Z
320,Versatile,Briana Vlasin,480916137-4,1999-12-07T11:04:58Z
321,6th generation,Tyson Tordoff,038756045-9,2010-09-02T21:27:35Z
322,Digitized,Larry Dilon,711525772-8,1981-06-18T03:21:59Z
323,ability,Whitney Catley,180060230-8,2005-05-19T14:48:50Z
324,Multi-channelled,Elroy Banishevitz,718296523-2,1982-08-26T20:36:42Z
325,monitoring,Jamil Pickring,952674073-4,1982-10-20T06:09:44Z
326,alliance,Catlee Pethrick,103045896-0,1981-10-20T09:55:37Z
327,leverage,Clary Theunissen,374817161-7,2011-01-12T20:36:02Z
328,zero defect,Clayborne Schultes,563555458-X,1994-02-20T13:27:27Z
329,modular,Darrel Staley,101032023-8,2005-05-16T15:56:00Z
330,client-driven,Arlyne Kareman,371339430-X,2002-06-29T03:26:01Z
331,Future-proofed,Loleta Housley,486406367-2,1993-05-23T22:14:05Z
332,Intuitive,Erinn Thominga,975232602-1,1979-07-11T03:38:18Z
333,Synchronised,Jeno Ivashnyov,953512879-5,1996-11-02T16:42:25Z
334,contingency,Ray Dacca,716646799-1,2004-08-22T03:35:46Z
335,Polarised,Lyn Mansel,164733042-4,2014-02-14T05:49:50Z
336,exuding,Sharia MacAlroy,925405597-2,1988-08-29T03:55:33Z
337,Pre-emptive,Winslow Blest,819770613-1,1974-10-27T12:00:37Z
338,utilisation,Melina Smout,888105580-5,2011-07-11T14:16:34Z
339,Cross-group,Kitti Dawdary,904074489-0,2004-07-12T21:23:31Z
340,radical,Gustavo Blount,877756996-2,1977-01-10T16:35:21Z
341,real-time,Jewel Portman,435184146-X,1984-02-23T15:02:14Z
342,utilisation,Rowney Paviour,574147935-9,1994-02-19T11:37:44Z
343,Reduced,Bekki Trahair,365837771-2,2012-10-01T07:50:55Z
344,non-volatile,Nata Gogerty,492033055-3,1991-12-13T07:31:49Z
345,Ergonomic,Mill Perris,784565427-2,1999-02-05T01:31:10Z
346,capacity,Darrell Bortoletti,296916127-3,2018-05-20T17:45:22Z
347,reciprocal,Jecho Ripley,029302532-0,2021-03-05T13:06:33Z
348,Seamless,Dunc Ausello,209372756-0,2016-10-25T02:33:48Z
349,Focused,Ody Dignon,283167666-5,2003-08-24T12:33:48Z
350,reciprocal,Waldon Lippiett,083597460-X,1989-06-27T22:40:24Z
351,hybrid,Bobby Chippindall,339930458-7,1987-04-22T22:50:45Z
352,orchestration,Barnard Union,459634584-8,1999-11-29T21:45:59Z
353,Customer-focused,Joann Grimes,563653313-6,1998-01-04T17:05:44Z
354,attitude,Lovell Haley,418459184-1,2012-08-11T04:56:14Z
355,multimedia,Lelia Cappel,707137295-0,2007-01-08T07:45:23Z
356,adapter,Shurlock Gladdor,497002890-7,2012-11-14T08:37:32Z
357,synergy,Uri Redholls,873502747-9,1982-07-30T21:07:46Z
358,needs-based,Lanna Barrowclough,168362015-1,2020-10-24T06:13:03Z
359,next generation,Elsa Jamrowicz,970091888-2,1977-02-09T01:59:10Z
360,emulation,Casey Matlock,287360531-6,1975-01-04T12:42:06Z
361,scalable,Larissa Cauley,639129271-X,1982-07-02T10:27:08Z
362,groupware,Artemus McGeechan,237317513-4,2009-08-07T06:14:58Z
363,encryption,Gasper Criag,987877590-9,2020-06-07T02:07:38Z
364,cohesive,Ignacio Botcherby,986912074-1,2003-10-12T07:22:19Z
365,hardware,Gibby Bierling,021802958-6,1970-09-18T10:59:51Z
366,infrastructure,Normand Blaine,117255829-9,1989-02-11T07:53:24Z
367,explicit,Vin McCaster,095049207-8,2008-03-23T08:27:47Z
368,Ergonomic,Olwen Hakey,665589071-3,2006-10-05T13:58:44Z
369,motivating,Matias Witty,763630120-2,1979-07-12T02:32:22Z
370,flexibility,Slade Glayzer,359078718-X,1975-10-05T02:27:06Z
371,Ergonomic,Darda Losemann,082297521-1,2001-10-23T05:55:49Z
372,Monitored,Brandea Lecordier,445420143-9,1973-08-01T02:50:20Z
373,Profound,Domeniga Rope,899673269-9,1983-02-17T00:27:07Z
374,User-friendly,Laure Japp,408771983-9,1989-11-30T15:27:44Z
375,Networked,Roi Reyburn,105378714-6,1989-04-16T02:25:13Z
376,customer loyalty,Mordecai Elrick,203556818-8,1994-12-26T11:54:38Z
377,info-mediaries,Sarah Sowerbutts,466435985-3,2012-08-17T12:38:32Z
378,full-range,Alicia Kembry,731388219-X,1970-11-01T21:56:13Z
379,Total,Ethelred Vedmore,746760961-2,2014-03-11T07:17:05Z
380,methodology,Blake Ebenezer,305827861-6,2019-03-13T12:35:25Z
381,intermediate,Cora Deverick,826466816-X,1999-01-17T12:36:58Z
382,global,Kariotta McNeely,698900135-6,1982-11-12T09:04:47Z
383,Cross-group,Muhammad Pittham,474588214-9,1970-06-04T21:27:28Z
384,Reduced,Dana Knell,714015810-X,1994-06-14T02:58:50Z
385,scalable,Jorie Wohler,209500952-5,1983-03-22T19:47:23Z
386,Decentralized,Griz Gook,094830064-7,2005-03-29T02:40:37Z
387,Distributed,Ruthanne Boards,952643832-9,1970-02-27T15:07:54Z
388,even-keeled,Tamra Whissell,253395523-X,1995-04-19T02:36:33Z
389,approach,Chrissy Lawrey,930256206-9,1971-07-09T07:39:32Z
390,time-frame,Haskell Balston,652863946-9,1974-01-12T12:36:00Z
391,bi-directional,Andi Habben,196816360-3,1978-01-03T10:53:54Z
392,workforce,Allx Dengate,404652807-9,1984-04-16T15:16:56Z
393,Mandatory,Kelsi Sudell,965775216-7,1997-02-03T17:06:42Z
394,neutral,Rochelle De Ortega,325865273-2,1975-10-11T20:26:03Z
395,maximized,Marla Polfer,634317838-4,1978-08-03T23:16:53Z
396,human-resource,Brana Blinder,963913283-7,2002-05-21T20:17:53Z
397,Cloned,Cristi Midlane,016648506-3,1995-09-20T05:38:37Z
398,contingency,Shaylah Seery,557278328-5,1974-09-19T02:37:00Z
399,synergy,Chantalle Sullly,248620028-2,1987-07-15T16:52:13Z
400,secured line,Rivi Hurles,331028694-0,1992-03-20T10:14:01Z
401,user-facing,Tomlin Alaway,277158191-4,1977-09-24T07:06:47Z
402,paradigm,Vergil McLese,573816419-9,1986-01-16T05:16:19Z
403,Configurable,Laina Fairbrass,066593845-4,2012-03-07T18:35:51Z
404,instruction set,Dov McCromley,255668311-2,2016-01-10T05:31:51Z
405,leading edge,Hillier Ingry,255109237-X,1998-10-12T02:57:32Z
406,service-desk,Elga Angrick,656724660-X,1972-03-19T20:54:06Z
407,disintermediate,Dulci Thyer,672874984-5,2001-10-16T11:20:27Z
408,interactive,Bridgette Krystof,110313941-X,1970-04-23T11:08:33Z
409,approach,Shawna Ashness,991961559-5,1987-11-26T14:17:59Z
410,extranet,Celie Kobieriecki,510345926-4,1991-09-26T19:50:11Z
411,Grass-roots,Siouxie Dobson,468342404-5,1981-03-29T13:47:08Z
412,Sharable,Mel Alliker,914982716-2,2007-08-03T09:42:36Z
413,Persistent,Seana Saby,078330823-X,1970-07-28T19:13:10Z
414,web-enabled,Romona Sprowell,907184306-8,1986-07-01T21:47:35Z
415,Fundamental,Neils Kohneke,081415432-8,1997-07-26T20:07:17Z
416,intranet,Marthe Marten,133388842-2,1983-04-05T15:55:09Z
417,Operative,Bron Chudleigh,984516724-1,1973-12-16T19:44:37Z
418,dynamic,Kimberlee Cutill,562005133-1,1986-03-03T14:38:00Z
419,Organic,Aprilette Copland,557611793-X,1971-06-05T04:37:54Z
420,incremental,Phyllis Gilchrest,744731501-X,2011-12-13T09:20:49Z
421,matrices,Filberte Pickance,774451672-9,2004-08-12T08:48:47Z
422,Robust,Edgar Gladman,682159191-1,2009-12-02T17:34:11Z
423,client-server,Ryan Cruz,900517453-6,1993-05-18T05:24:54Z
424,Advanced,Claybourne Foston,811204248-9,1972-05-12T06:18:15Z
425,Operative,Latrina Hastie,387545751-X,1999-12-31T23:59:21Z
426,Synergized,Niki Spykins,342442670-9,1970-04-04T14:41:00Z
427,cohesive,Nicolette Heaffey,457165998-9,1994-01-09T01:22:08Z
428,uniform,Nolan Saltmarshe,139165684-9,1988-07-02T21:37:53Z
429,discrete,Gilburt McTurley,981189863-4,2008-03-03T20:21:36Z
430,Object-based,Sharleen Cubbinelli,403285212-X,2016-12-09T14:52:45Z
431,De-engineered,Zulema Worts,556998921-8,1989-10-14T10:29:07Z
432,intermediate,Flory Risborough,515135780-8,1997-11-30T05:27:11Z
433,neural-net,Carola Valek,337863379-4,2019-10-24T09:05:50Z
434,Future-proofed,Stephanus Stopford,283226313-5,1991-05-07T03:53:48Z
435,Diverse,Enrica Van Hesteren,864842443-7,1973-03-16T12:28:34Z
436,portal,Aigneis Gellibrand,489856077-6,2000-10-04T00:56:00Z
437,access,Albertina Biever,138992157-3,2019-04-25T06:42:18Z
438,Triple-buffered,Dill Plan,848453189-9,1993-07-22T04:30:51Z
439,bottom-line,Heall Bryson,018677181-9,1980-10-05T13:59:29Z
440,hub,Kaitlynn Gravenell,744392725-8,1975-10-11T18:39:53Z
441,Re-contextualized,Cassie Mion,763810202-9,1988-07-23T07:03:49Z
442,Progressive,Franny Bayns,106034371-1,1974-07-15T02:35:11Z
443,radical,Felice Janota,025561254-0,1973-03-02T09:08:46Z
444,Optional,Ki Olliff,938435864-9,1977-08-18T22:43:51Z
445,Implemented,Drona Ruffell,786867928-X,1989-12-16T19:35:53Z
446,definition,Devon Hackly,112638545-X,1972-08-21T13:16:22Z
447,Graphical User Interface,Dwayne Dalgarnowch,628449147-6,1980-08-15T05:22:41Z
448,regional,Shelly Rayson,355309757-4,1974-08-08T05:17:25Z
449,Business-focused,Elva Obispo,768603533-6,2003-07-08T12:49:57Z
450,Vision-oriented,Tad Hyam,033511365-6,1974-06-30T10:22:36Z
451,Ameliorated,Say Reddihough,538995770-9,2001-12-03T18:02:34Z
452,value-added,Goraud Renzullo,825845465-X,1987-07-17T12:30:17Z
453,alliance,Lisette Paramor,722862315-0,1990-08-18T08:56:31Z
454,mission-critical,Alvy Threadkell,670589085-1,1994-11-25T13:12:51Z
455,core,Lamond Wadge,310901168-9,2010-08-25T11:55:49Z
456,Fully-configurable,Mozes Carding,434118510-1,1996-04-11T11:02:51Z
457,challenge,Brendan Blowen,509770562-9,1987-03-25T23:47:27Z
458,solution,Thomas Gypps,360852718-4,1985-10-06T17:26:45Z
459,eco-centric,Randall Lummasana,719712510-3,2000-05-30T18:12:19Z
460,adapter,Netti Ruffy,023031858-4,2000-02-07T16:33:03Z
461,logistical,Hillel Gauden,156482049-1,2001-07-12T17:37:07Z
462,neutral,Mathias Brouard,102487084-7,1976-09-13T04:13:28Z
463,array,Cacilia Buske,945538096-X,2001-07-25T09:26:00Z
464,Reduced,Rockie Lenard,513530758-3,2015-10-25T11:24:07Z
465,full-range,Ettie Kinworthy,600424786-3,1988-02-06T05:41:10Z
466,dedicated,Cyb Blagbrough,843547505-0,1977-05-24T07:35:44Z
467,Visionary,Joell Mussettini,751735663-1,1984-11-29T06:48:11Z
468,flexibility,Emmalyn Garrold,137352277-1,1995-12-12T11:00:28Z
469,Pre-emptive,Nadya Howieson,323054343-2,1982-10-26T17:54:14Z
470,database,Dalia Rigg,757855227-9,1997-11-04T06:19:09Z
471,tertiary,Ulberto Rowson,466801499-0,1996-10-13T01:48:23Z
472,bi-directional,Gerianne Aldcorne,766435244-4,1996-08-29T18:23:49Z
473,4th generation,Quintus Ceaser,309273764-4,2011-10-11T13:54:49Z
474,Assimilated,Irvine Snowsill,433922918-0,2007-12-23T18:49:25Z
475,bi-directional,Mariam Osgordby,960090445-6,2003-05-02T09:50:49Z
476,challenge,Ignace Soame,146143863-2,1984-07-02T03:33:54Z
477,support,Maxie Tincknell,636417980-0,2015-08-28T16:51:55Z
478,Pre-emptive,Ofelia Oller,106612216-4,1974-11-15T22:01:40Z
479,website,Kerstin Barrat,426645720-0,1982-11-10T16:25:03Z
480,even-keeled,Halsey Gorvette,640166875-X,1983-10-23T06:55:55Z
481,logistical,Frannie Cozins,498148292-2,2009-05-13T19:06:01Z
482,Front-line,Hermie Saich,246802957-7,2002-04-21T16:53:34Z
483,global,Skipton Hallbord,455205503-8,1978-04-21T16:28:40Z
484,context-sensitive,Shelden Favel,605037567-4,1994-12-13T22:51:35Z
485,multi-tasking,Vera De Michetti,040828390-4,1986-02-18T08:47:00Z
486,emulation,Ki Chafney,716584918-1,1997-08-28T20:18:33Z
487,Optional,Mareah Hulburd,452521268-3,1993-07-16T21:16:36Z
488,Implemented,Junia Woolam,383504961-5,2005-07-05T23:52:26Z
489,intermediate,Kali Duferie,476568578-0,2009-10-09T09:16:12Z
490,intangible,Rahel Gilderoy,466492441-0,1982-12-14T22:36:58Z
491,Team-oriented,Geoff Brunsen,409269799-6,2014-08-15T01:43:25Z
492,workforce,Ebenezer Trundell,998362121-5,1998-01-22T14:04:53Z
493,Expanded,Minnie Galey,325809326-1,2007-08-28T08:11:42Z
494,next generation,Kenon Longridge,919211010-X,1972-04-08T17:31:41Z
495,stable,Sofia Scullin,457668587-2,1985-12-18T07:10:35Z
496,logistical,Culver Chidley,361690621-0,1987-08-04T00:56:05Z
497,secondary,Gabbi Sparkwill,318545372-7,2005-12-13T18:00:19Z
498,object-oriented,Diana Norley,166310620-7,1998-08-08T22:49:58Z
499,website,Ladonna Stodhart,426944392-8,1996-10-10T10:29:45Z
500,Face to face,Wallis Maude,920053094-X,1997-09-10T03:08:01Z
501,actuating,Jacob Pengelly,993359305-6,2012-04-03T04:12:39Z
502,hybrid,Darrell Lanbertoni,725923483-0,1978-02-06T08:49:31Z
503,migration,Mike Spridgen,550552483-4,2017-12-24T13:21:37Z
504,Networked,Andie Gasker,903054079-6,2020-02-06T15:42:27Z
505,Fundamental,Raffaello Bliben,267506915-9,2010-01-31T22:50:43Z
506,hub,Cris Lorek,513312051-6,2003-03-27T14:45:26Z
507,capability,Fiorenze Francomb,517964192-6,1977-03-22T00:28:38Z
508,Enterprise-wide,Heidi D'Ruel,459111446-5,1997-08-11T19:54:55Z
509,contingency,Starla Hiddy,789339704-7,2013-06-15T10:46:47Z
510,Team-oriented,Lorrie Furmenger,806768705-6,2020-04-23T21:30:48Z
511,Customizable,Link Balk,161767377-3,2014-09-05T15:35:08Z
512,interactive,Sheree Moorey,115791673-2,2011-03-25T02:34:50Z
513,dedicated,Chrissie Huyge,572762020-1,1998-12-31T16:34:32Z
514,algorithm,Christiano Carthew,326716715-9,2016-01-29T08:46:59Z
515,logistical,Rhianna Rosin,147687668-1,1980-09-16T15:33:44Z
516,implementation,Loretta Tenby,553733852-1,1981-07-03T00:14:25Z
517,Ergonomic,Linet Geroldini,418557099-6,1998-04-03T21:30:21Z
518,capability,Peri Gearty,897299221-6,1982-11-03T04:22:00Z
519,Advanced,Darryl Karlik,447661099-4,2005-08-20T00:35:36Z
520,Diverse,Doralynne Stacy,040816315-1,1992-06-02T21:09:25Z
521,Open-source,Cristiano Ollie,196679775-3,1981-12-11T20:26:04Z
522,exuding,Lorette Zylbermann,692654807-2,1990-02-06T22:17:43Z
523,secondary,Corry Dollar,557624884-8,2003-03-16T16:24:30Z
524,Integrated,Kamila Rowling,636736129-4,2018-06-27T06:49:55Z
525,next generation,Errol Groll,966273036-2,2011-07-07T18:45:44Z
526,hardware,Norbie Ebbrell,848457891-7,1989-07-04T10:24:26Z
527,Universal,Leland Casford,928587127-5,2011-03-25T23:23:25Z
528,human-resource,Raeann Cammiemile,833434232-2,2019-03-13T22:35:23Z
529,Persistent,Magdaia Gronno,334258045-3,2016-01-03T21:40:02Z
530,responsive,Madonna Ivetts,173563982-6,1970-07-10T01:24:37Z
531,didactic,Georgia Anselm,044922684-0,2014-12-24T11:29:36Z
532,function,Alyda Mustill,740324796-5,2006-07-09T17:32:35Z
533,dedicated,Cindee Klosges,181332627-4,1974-05-01T02:15:29Z
534,benchmark,Shelia MacAvddy,002687128-9,1974-02-27T17:41:00Z
535,Streamlined,Ame Blampy,084471151-9,1985-05-09T07:52:49Z
536,infrastructure,Morse Escalera,222860577-8,2019-09-09T05:14:22Z
537,Team-oriented,Candi Downing,873217894-8,2014-10-11T03:49:51Z
538,coherent,Chucho Wheatland,448957290-5,2021-01-26T15:15:11Z
539,contingency,Elli Hamman,774127086-9,1995-06-09T02:38:00Z
540,Universal,Annecorinne Pillans,683568659-6,2011-01-11T23:47:55Z
541,Persevering,Vinny Piscopiello,153178420-8,1997-10-05T05:23:08Z
542,info-mediaries,Wald Tearle,338984369-8,1994-07-06T22:18:27Z
543,Customizable,Halsey Robottom,275507431-0,2020-01-23T16:58:05Z
544,mobile,Ellene Willmot,153567650-7,1997-10-13T05:33:17Z
545,Managed,Davide Varnam,641892814-8,2015-03-31T04:08:19Z
546,Decentralized,Les Leale,971650909-X,2018-06-14T19:45:51Z
547,encompassing,Kerry Fortey,616270518-8,2013-08-15T18:37:53Z
548,secondary,Raimondo Thatcher,630484369-0,1983-11-18T18:40:41Z
549,homogeneous,Albert Barsby,595363367-X,2000-06-06T06:16:14Z
550,Diverse,Cosmo Sisey,600236839-6,2012-05-20T20:21:41Z
551,Re-engineered,Scot Dykas,261279488-3,1978-11-08T16:39:34Z
552,Synergistic,Matilde Duesbury,271082314-4,2019-08-14T07:35:41Z
553,firmware,Beverly Hassey,811019604-7,1986-11-13T01:02:11Z
554,initiative,Moss Hastings,273912570-4,1998-05-19T09:30:36Z
555,pricing structure,Lia Pike,533573333-0,1977-11-24T00:54:49Z
556,instruction set,Westleigh Woodstock,791259771-9,2002-06-01T10:44:39Z
557,secured line,Glenna Piaggia,830310083-1,1981-10-21T21:46:21Z
558,policy,Raye Barrett,778484099-3,1985-06-16T21:47:44Z
559,high-level,Ameline Crackel,400679261-1,1990-06-08T18:44:04Z
560,Cloned,Karen Nattrass,467003854-0,2015-05-30T00:33:21Z
561,client-server,Teddy Bollom,710657098-2,1990-12-06T15:32:43Z
562,Synchronised,Valene Mockler,417433987-2,1999-07-31T23:31:36Z
563,toolset,Suellen Winstone,393070925-2,1982-02-13T15:15:38Z
564,fresh-thinking,Shurlocke Walkowski,941967028-7,1995-05-13T10:51:00Z
565,superstructure,Tildy Orme,098426926-6,1979-02-27T17:56:33Z
566,value-added,Devy Gennings,837946138-X,2015-01-14T14:25:50Z
567,ability,Forester Graal,138751625-6,1987-02-02T13:37:35Z
568,Visionary,Julietta Cluitt,689951940-2,1996-07-11T10:49:44Z
569,attitude-oriented,Courtnay Peach,074550882-0,2016-04-17T20:09:15Z
570,Virtual,Silvie Cathie,033173582-2,1974-10-26T20:26:45Z
571,Fundamental,Keir Winfred,265582676-0,1990-08-25T19:14:28Z
572,open architecture,Delilah Beecraft,301190904-0,2018-05-03T18:40:44Z
573,next generation,Lemuel Blasik,139012754-0,1983-03-16T13:51:38Z
574,3rd generation,Deni Rosetti,274600419-4,1970-02-12T04:29:34Z
575,zero administration,Mark Normington,979894360-0,1996-06-12T06:50:59Z
576,upward-trending,Michelle Lewcock,052077557-0,2005-07-18T08:13:31Z
577,client-server,Babbie Luty,892463759-2,2000-08-09T04:12:46Z
578,knowledge base,Eulalie Medlen,960049131-3,2009-12-25T06:45:21Z
579,asymmetric,Grayce Stanyland,419201841-1,1970-08-27T01:38:35Z
580,next generation,Ardelle Levington,345539027-7,1983-08-27T04:19:29Z
581,projection,Salomi Woodcraft,340084345-8,1976-08-21T01:28:45Z
582,Polarised,Robinett Bennetts,158623051-4,1986-11-13T05:12:45Z
583,Polarised,Olivie Burgon,628855463-4,1999-12-18T09:21:20Z
584,implementation,Ardeen Hynde,707525867-2,1998-01-13T22:59:44Z
585,Ameliorated,Mikaela Thyng,149459400-5,1983-04-30T14:50:13Z
586,Enhanced,Jacobo de Guerre,826055428-3,2016-07-27T22:45:31Z
587,frame,Maje Vakhrushev,657461278-0,1990-10-24T13:39:51Z
588,value-added,Yulma Weekes,030190450-2,1976-01-10T00:01:06Z
589,maximized,Julie Colwill,210224437-7,2008-09-19T15:09:07Z
590,tangible,Kathleen Arnot,214105743-4,1999-02-19T01:53:50Z
591,demand-driven,Grant Burle,701221522-4,1980-11-05T10:44:58Z
592,Future-proofed,Nara Graben,728036361-X,2013-01-20T23:06:47Z
593,radical,Even Blachford,714414135-X,1984-12-02T17:08:14Z
594,function,Jerri Southgate,812987877-1,2004-01-01T15:40:49Z
595,standardization,Rayna Geldeford,981146443-X,1981-07-27T09:38:32Z
596,stable,Nomi Tourville,479054809-0,1995-03-06T11:05:01Z
597,User-centric,Adeline Godlee,089242155-X,2018-08-15T00:57:37Z
598,conglomeration,Reena Richford,809676701-1,2018-01-05T13:26:26Z
599,Reactive,Bryce MacCarroll,513473535-2,2020-10-23T04:56:20Z
600,implementation,Duff Smethurst,131126226-1,2013-05-16T02:48:46Z
601,optimizing,Dora Showler,017470586-7,2018-06-14T16:55:18Z
602,complexity,Barrie Murray,835435799-6,2020-11-30T04:21:34Z
603,project,Karlyn Cossell,707246437-9,2008-09-19T02:46:44Z
604,Cross-group,Anna Urlich,528819331-2,2015-09-17T01:45:36Z
605,encryption,Vladamir Dummer,616761001-0,2019-05-17T02:53:13Z
606,array,Galen Blakeney,263074349-7,1971-12-19T11:34:07Z
607,framework,Tara Attawell,900281198-5,2003-09-29T11:03:34Z
608,Streamlined,Travis Maxstead,795910401-8,1998-12-19T16:35:32Z
609,Automated,Clemens Stopps,918635016-1,2006-07-21T13:45:27Z
610,encoding,Cassaundra Sarsons,588428719-4,2019-01-28T11:51:50Z
611,Decentralized,Helaina Brecknall,467375311-9,2014-05-06T03:17:08Z
612,Fundamental,Caron Mathiasen,829188326-2,2009-09-22T00:09:03Z
613,forecast,Ulrike O'Hoolahan,749724203-2,2004-08-08T04:23:05Z
614,Pre-emptive,Mariel Dakhno,217128801-9,1977-04-21T10:44:44Z
615,fault-tolerant,Boniface Peeters,583284647-8,2018-08-15T01:23:32Z
616,holistic,Jacqui Gannaway,113703787-3,1977-06-04T02:43:11Z
617,Managed,Marla Robbeke,362664174-0,2011-12-10T05:01:59Z
618,Optional,Harman Dreier,555117567-7,2003-01-16T17:10:24Z
619,complexity,Ramonda Marlon,056362766-2,1993-05-12T16:44:18Z
620,Fundamental,Joline McKimmie,558091983-2,2000-11-17T08:19:57Z
621,access,Borden Jillings,478046058-1,1975-10-11T02:37:15Z
622,Re-engineered,Kit Robillart,861684845-2,1981-05-08T21:53:50Z
623,middleware,Marcille Gillet,621423666-3,1972-11-03T20:15:39Z
624,transitional,Blanca Godsafe,496405142-0,1993-07-03T00:38:19Z
625,toolset,Yvonne Gauld,124732847-3,1970-06-14T13:54:40Z
626,Innovative,Matteo Doole,310534423-3,2018-06-21T12:28:23Z
627,Re-engineered,Kailey Allabush,739252346-5,2013-03-15T18:57:22Z
628,directional,Samaria Krink,710159776-9,2010-12-17T03:08:51Z
629,systematic,Reyna Wetherill,292074022-9,2007-07-24T13:42:22Z
630,maximized,Tova Pero,428620856-7,1970-09-29T09:06:08Z
631,flexibility,Gabriellia Peetermann,970185051-3,1971-09-15T05:23:47Z
632,matrices,Lyndsay McKinnon,928475652-9,1982-02-07T20:58:25Z
633,uniform,Doroteya Coleman,164240674-0,1978-02-26T12:09:57Z
634,leverage,Tabor Sedgebeer,800755683-4,2011-12-30T08:56:09Z
635,structure,Dag Dumingos,994265207-8,1983-06-25T19:03:17Z
636,zero tolerance,Keane Strathman,197323899-3,1989-10-12T23:50:46Z
637,paradigm,Ferd Archer,934474262-6,1997-09-22T12:52:49Z
638,structure,Cooper Keeves,581329730-8,1996-11-05T09:13:39Z
639,real-time,Guntar Manilow,566425203-0,1983-08-27T15:45:59Z
640,systemic,Guy Reven,047376480-6,1979-07-14T12:03:07Z
641,Quality-focused,Sheff Butterwick,569791762-7,2001-12-06T18:04:46Z
642,24/7,Yancey Neilus,424740604-3,1984-11-14T02:37:23Z
643,holistic,Baryram Durward,347005806-7,2000-03-02T01:07:04Z
644,policy,Lyon Annice,082823305-5,1994-10-13T04:20:18Z
645,strategy,Caressa Goldhill,444567365-X,1972-01-26T15:16:18Z
646,structure,Kandy Alans,958204434-9,1970-05-17T23:07:05Z
647,Compatible,Robbie Slyman,554742435-8,1996-09-30T02:29:47Z
648,pricing structure,Nat Gotter,658115776-7,1985-12-21T23:59:04Z
649,stable,Caddric Glidden,962127011-1,2009-02-13T11:31:40Z
650,Business-focused,Kimbell Graal,075093379-8,1989-01-23T13:19:32Z
651,Digitized,Mickie McCulley,416377088-7,2009-02-26T00:05:15Z
652,methodology,Mirabel Robbeke,036597968-6,1991-02-23T13:13:22Z
653,algorithm,Vere Silvermann,010450870-1,2021-03-02T11:57:51Z
654,Vision-oriented,Sven Piris,443970755-6,1980-08-09T08:33:34Z
655,protocol,Vera Krolik,158949024-X,1997-11-10T06:34:33Z
656,zero defect,Mike Ferraron,787000363-8,2002-09-27T07:45:21Z
657,parallelism,Renado Maxfield,901607838-X,1981-04-11T06:31:33Z
658,flexibility,Elane Commuzzo,088866422-2,1975-11-13T03:06:30Z
659,system engine,Vally Scawen,060877092-2,1991-01-03T17:29:17Z
660,intermediate,Margette Oultram,358554616-1,2002-10-01T14:41:03Z
661,artificial intelligence,Ronald Date,964213360-1,1992-02-18T03:25:49Z
662,De-engineered,Maurice Formigli,982220634-8,1986-04-28T08:07:06Z
663,Focused,Wini Goulden,622755832-X,2013-02-06T09:50:54Z
664,throughput,Vernen Sifleet,387909961-8,2013-03-08T18:45:16Z
665,conglomeration,Brockie Straun,799400010-X,1987-10-31T01:31:10Z
666,success,Kain Fogg,229266626-X,1985-04-20T06:23:27Z
667,Virtual,Broddie Armsden,929589303-4,1994-03-26T07:02:17Z
668,Profit-focused,Shurlocke Jelphs,921460867-9,2020-09-30T00:19:02Z
669,composite,Evita Laurens,888867615-5,1995-10-15T05:00:47Z
670,neural-net,Guthrie Mahody,989157946-8,1987-08-05T15:18:23Z
671,Public-key,Nanci Diego,873600433-2,2010-05-05T23:47:42Z
672,framework,Karole Patington,727424113-3,1984-04-30T03:00:57Z
673,Configurable,Connor Antalffy,732612243-1,2001-07-14T13:42:58Z
674,empowering,Erda L'oiseau,934395440-9,2013-07-05T02:37:44Z
675,forecast,Lyndel Sawford,419425178-4,1970-12-18T08:43:34Z
676,disintermediate,Fabe Cranefield,115126307-9,1987-02-03T20:48:50Z
677,regional,Rik Mealham,114511474-1,2007-11-07T19:13:03Z
678,application,Karlotta Bliben,231521503-X,1970-10-01T06:47:26Z
679,framework,Con Pennycuick,911354572-8,2000-05-05T15:16:46Z
680,Graphical User Interface,Bobbi Krzysztofiak,781531066-4,1980-06-30T06:40:26Z
681,local,Nickie Dorton,568857994-3,1995-06-20T22:52:47Z
682,Adaptive,Celine Stourton,166686923-6,1972-11-21T18:20:01Z
683,4th generation,Thorn Goldring,478001158-2,2009-06-10T15:44:10Z
684,solution,Danny Steuhlmeyer,609870110-5,1983-08-06T04:53:25Z
685,middleware,Trescha Wight,840537551-1,1992-01-19T02:21:24Z
686,web-enabled,Georgie Harrowing,915824830-7,2018-11-10T00:04:44Z
687,exuding,Tory Blaber,558968270-3,1989-01-19T07:32:09Z
688,eco-centric,Stephine Tankard,711228722-7,2006-06-23T04:40:11Z
689,Compatible,Laurie Skin,445287260-3,1984-10-06T08:23:21Z
690,motivating,Vinnie Grima,151929587-1,1991-05-10T23:31:22Z
691,scalable,Seana Akister,196772238-2,2011-07-01T18:20:07Z
692,Automated,Nelle Garrod,137344657-9,1993-10-15T10:31:46Z
693,Multi-lateral,Ferrel Goodsall,145786853-9,2006-06-25T11:56:38Z
694,stable,Etta McGrey,989568038-4,2008-07-08T22:35:18Z
695,Seamless,Piotr Huck,937894379-9,2004-02-22T06:43:38Z
696,monitoring,Paolo Challener,493055674-0,2009-11-07T16:28:24Z
697,local area network,Rici Palke,509452118-7,2002-05-17T14:20:32Z
698,Graphical User Interface,Genevieve Hugonneau,974376018-0,2003-07-06T07:49:59Z
699,Digitized,Emmalyn Layhe,257176100-5,2006-11-16T22:03:07Z
700,Total,Marcelline Spanton,414501729-3,2010-10-23T07:01:19Z
701,Centralized,Jori Buglass,529882677-6,1998-03-11T07:47:37Z
702,Face to face,Gae Neath,801809027-0,1972-10-30T17:33:58Z
703,tertiary,Johnette Seckom,319058245-9,1991-02-28T05:50:55Z
704,Versatile,Marcelline Jenckes,087417822-3,1983-12-15T14:51:39Z
705,artificial intelligence,Davida Cabrera,744986413-4,1995-06-30T16:25:48Z
706,capability,Myra Gillian,925234871-9,2016-01-31T17:04:35Z
707,Face to face,Kelley Brickwood,484055198-7,1976-01-03T01:20:51Z
708,3rd generation,Mauricio Hadeke,361664520-4,2003-09-12T13:47:13Z
709,adapter,Zita Beynke,107047148-8,1988-06-22T15:28:04Z
710,parallelism,Drew Bunnell,887414523-3,2010-07-05T16:30:29Z
711,value-added,Idelle Kyles,984611478-8,1973-05-14T02:28:37Z
712,Total,Clareta Wyleman,017447514-4,2017-10-05T06:52:16Z
713,Multi-layered,Trudi Clementson,340758076-2,2017-01-16T07:14:32Z
714,throughput,Stacee Maciak,104135344-8,1998-03-07T05:00:42Z
715,framework,Sayre McGiff,322782677-1,2017-05-13T22:15:50Z
716,systematic,Claudell Carcas,441247716-9,1990-02-10T16:27:27Z
717,info-mediaries,Charline Lambkin,306210328-0,1994-04-29T09:37:46Z
718,Re-contextualized,Bryon Lynde,639286152-1,2013-10-24T11:13:05Z
719,product,Austin Golby,301628579-7,1983-08-24T15:56:09Z
720,tertiary,Veda Cousen,777416869-9,1986-10-03T07:20:01Z
721,productivity,Britney Graver,900608783-1,2009-07-05T09:13:04Z
722,zero administration,Peterus Callen,989730951-9,1971-02-03T05:09:45Z
723,synergy,Jude Moreno,374083392-0,2014-09-12T15:23:23Z
724,Diverse,Selinda Guierre,351330608-3,1990-01-01T09:43:15Z
725,adapter,Dimitri Mulroy,999718812-8,2001-12-11T23:29:09Z
726,Upgradable,Arie Garatty,305118660-0,2009-04-29T12:12:57Z
727,grid-enabled,Scott Devaney,050137353-5,1978-10-20T21:50:41Z
728,bandwidth-monitored,Sigrid Davidde,645387656-6,2014-08-09T18:44:45Z
729,exuding,Woodman Stanion,905223766-2,2017-04-17T12:28:14Z
730,incremental,Ailey Bunker,422549958-8,1971-12-06T08:17:44Z
731,product,Sidoney Melbourn,332535399-1,1973-05-16T19:35:23Z
732,Cross-group,Leia Tombleson,541475641-4,2006-02-06T16:04:37Z
733,Team-oriented,Arny Batts,433662038-5,2012-11-12T07:24:37Z
734,Monitored,Jedediah Moynham,587799768-8,2010-01-28T22:41:37Z
735,Reduced,Tracy Villa,837366214-6,1989-09-07T22:41:37Z
736,algorithm,Carolus Dorracott,979567187-1,2019-04-10T16:26:24Z
737,hierarchy,Rani Dumbreck,657039532-7,1983-08-07T10:59:20Z
738,task-force,Mikael Mardee,261439782-2,2000-03-21T20:08:28Z
739,cohesive,Wendi Aizikovitz,998098601-8,1993-08-02T18:14:53Z
740,infrastructure,Carlye Ivashintsov,417710249-0,1983-10-24T08:03:52Z
741,implementation,Cymbre Derill,670301366-7,1981-10-26T16:48:26Z
742,attitude-oriented,Sissie Trass,618182842-7,1991-04-20T01:28:05Z
743,attitude-oriented,Latashia Batchelar,119014865-X,2020-04-29T20:57:37Z
744,Upgradable,Stanley Colcomb,178076318-2,1994-04-19T12:29:40Z
745,attitude-oriented,Christen Cordell,166905451-9,1977-12-15T01:44:42Z
746,composite,Marven Sphinxe,714267630-2,2019-01-08T04:41:14Z
747,Triple-buffered,Laurent Grayson,246864489-1,1978-09-30T11:33:04Z
748,complexity,Dani Reisk,705371098-X,1998-05-17T01:18:08Z
749,Function-based,Phillip Dallmann,502956355-5,1998-12-22T20:50:09Z
750,instruction set,Vale Meenehan,675812599-8,1980-01-04T05:43:49Z
751,well-modulated,Aubrey Garmons,865692703-5,1972-12-28T02:41:27Z
752,Total,Vern Guilloneau,898659644-X,1998-02-17T10:11:12Z
753,open system,Wayne Pollen,585786044-X,2014-11-07T06:49:15Z
754,Diverse,Karalee Redgrove,880355322-3,2006-10-08T22:47:10Z
755,next generation,Rycca Thornally,779349397-4,1985-08-27T00:28:30Z
756,Cross-platform,Massimiliano Mattiassi,358174983-1,1995-07-08T16:36:19Z
757,complexity,Chalmers Heazel,759965552-2,1997-08-27T15:34:01Z
758,composite,Jessamyn Sima,176019935-4,1995-11-07T05:56:51Z
759,Managed,Fleur Bolan,938537536-9,1983-05-28T16:39:20Z
760,Digitized,Barris Gulvin,979277277-4,1998-06-10T13:15:18Z
761,value-added,Kerianne Vankin,254416255-4,1986-08-05T00:39:56Z
762,Versatile,Shannon Pryer,083471550-3,2017-04-09T23:42:21Z
763,Reduced,Mile Saddington,817399951-1,1971-05-02T00:01:13Z
764,Profound,Cyrill Forsythe,960954192-5,1995-09-04T07:19:14Z
765,Quality-focused,Dulsea Gerling,162096101-6,1985-02-02T08:31:15Z
766,Digitized,Hastings Bellow,630046310-9,1981-10-29T22:22:33Z
767,service-desk,Coral Huc,612992099-7,2009-03-05T11:31:29Z
768,focus group,Kati Sherr,153010600-1,1977-06-21T20:55:30Z
769,interface,Nicola Weiss,703142331-7,1970-09-21T01:38:59Z
770,Operative,Cobby McQuorkell,296188102-1,1983-04-02T17:11:17Z
771,incremental,Freeland Wilks,414753575-5,1982-01-17T16:00:23Z
772,Business-focused,Adelind Poker,620493899-1,2017-09-03T02:14:20Z
773,projection,Marcelo Hutley,901810994-0,2011-04-24T06:23:08Z
774,system engine,Rodney Delleschi,518931164-3,1988-07-30T02:43:49Z
775,high-level,Gearalt Mort,357832558-9,2018-12-31T00:44:25Z
776,full-range,Tori Yven,699435768-6,1976-05-01T18:36:56Z
777,Multi-lateral,Nanette Eykel,855623852-1,2011-01-15T10:26:42Z
778,intermediate,Jeno Burland,703701045-6,1998-09-20T16:20:57Z
779,Persevering,Meara Iwanicki,669669982-1,2018-05-17T21:45:19Z
780,Public-key,Waverly Deabill,875207584-2,1993-07-23T09:44:08Z
781,24/7,Shaun Tyrie,105994061-2,1975-01-25T19:38:25Z
782,multi-tasking,Ruthy Bootell,602850848-9,2012-03-23T03:08:06Z
783,User-friendly,Margaret Saintsbury,457093297-5,2008-10-03T02:58:48Z
784,actuating,Maryjane Strapp,666808879-1,1986-12-06T13:54:48Z
785,budgetary management,Mariquilla O'Fihily,129867154-X,1980-10-13T18:01:32Z
786,model,Floria Philson,376711553-0,2020-03-08T02:19:23Z
787,Integrated,Kathlin Patching,607259289-9,2007-06-20T21:48:30Z
788,middleware,Robert Tong,172525842-0,2016-07-18T10:57:21Z
789,project,Clarinda Moultrie,399565706-0,1984-09-19T10:42:50Z
790,web-enabled,Maia Hanson,905781678-4,1991-05-22T15:04:20Z
791,archive,Patton Seabridge,187776657-7,1986-12-13T12:13:38Z
792,instruction set,Cassius MacVanamy,341299384-0,1993-02-04T12:16:35Z
793,contingency,Gallagher Beavis,278705810-8,1984-08-17T06:18:14Z
794,dynamic,Linus Jefferies,150274184-9,2018-08-06T09:49:55Z
795,challenge,Annabela Scammonden,241519069-1,1990-04-27T22:43:25Z
796,functionalities,Jerrine Portriss,721829280-1,2006-02-20T23:01:11Z
797,groupware,Dudley Ilyenko,053912045-6,2014-04-09T20:46:25Z
798,zero administration,Byron Liversedge,997711897-3,1979-07-21T04:35:06Z
799,portal,Heidi Bricket,938743254-8,1983-05-16T19:13:48Z
800,Virtual,Faulkner Syratt,365935565-8,1986-11-10T19:42:59Z
801,mobile,Bartie Roxbee,064439427-7,1982-04-05T14:48:15Z
802,Multi-channelled,Marjory Curd,876145237-8,2006-10-30T02:19:43Z
803,object-oriented,Eolande Gabbitus,166839975-X,1984-11-25T14:13:10Z
804,middleware,Karry Blincowe,156820664-X,1970-11-15T08:35:52Z
805,initiative,Calla Standeven,445139547-X,2010-01-08T05:18:41Z
806,impactful,Otes Lemanu,558954391-6,1981-10-05T19:55:11Z
807,3rd generation,Eleanora Baybutt,477791859-9,1976-11-06T18:50:11Z
808,responsive,Elbertina Costard,557307842-9,1975-01-31T23:02:30Z
809,migration,Batholomew Housley,555533625-X,2017-10-09T00:05:19Z
810,Mandatory,Pietrek O'Hannen,571981507-4,2001-12-28T17:40:42Z
811,tertiary,Orton Kendle,593036298-X,1973-08-22T04:45:13Z
812,Realigned,Audre Windham,023414414-9,2004-04-18T21:41:48Z
813,Synchronised,Corny McFarlan,916998566-9,1978-08-01T10:25:32Z
814,Profound,Galvan Rist,020737623-9,1987-01-28T16:24:19Z
815,explicit,Minnnie Tupman,394860922-5,1974-01-31T09:54:04Z
816,Reactive,Kelcy Gianninotti,072020483-6,2005-01-28T15:31:14Z
817,foreground,Aura Pinkett,205163261-8,1986-06-29T05:23:11Z
818,Monitored,Tracee Mincini,674185568-8,1974-05-16T04:25:07Z
819,6th generation,Palmer Keohane,422526855-1,2001-03-04T12:22:31Z
820,Team-oriented,Hailey Fike,157154208-6,1974-08-30T12:23:45Z
821,non-volatile,Sabra Wilkinson,570641438-6,2013-10-04T03:51:06Z
822,Face to face,Filide Santora,271327922-4,2015-08-03T11:24:28Z
823,Upgradable,Lucais Poplee,187149580-6,2001-09-04T08:04:09Z
824,Secured,Alexander Dawidman,957771457-9,1971-05-19T19:15:14Z
825,artificial intelligence,Aksel Fardoe,613196971-X,1991-06-12T05:07:53Z
826,attitude,Kennie O' Culligan,393925447-9,1996-08-08T07:46:56Z
827,Visionary,Dosi Moggie,676291042-4,1994-12-20T01:23:13Z
828,groupware,Lyn Mudd,556392787-3,2006-01-01T13:55:07Z
829,productivity,Evelina MacKerley,643360422-6,2018-09-13T09:32:02Z
830,Reverse-engineered,Malinde Sparsholt,263683528-8,2008-07-06T19:42:39Z
831,success,Rochell Axcell,017054777-9,1985-11-16T22:14:55Z
832,capacity,Vic Astley,038137938-8,2019-12-11T06:26:37Z
833,Diverse,Denis Jenkyn,547772680-6,2007-01-18T12:45:55Z
834,responsive,Korney Loxton,212803922-3,1970-03-20T13:18:50Z
835,Assimilated,Mariele Tinson,982081904-0,1991-12-29T05:36:04Z
836,Object-based,Fanchette Honsch,370667832-2,2006-10-03T07:52:26Z
837,Integrated,Shani Ruscoe,868369268-X,1973-06-27T16:14:21Z
838,Robust,Janelle McPartling,845548669-4,2016-03-14T05:42:21Z
839,Upgradable,Peggy Myrkus,257058271-9,2003-12-05T09:35:00Z
840,Multi-tiered,Therese Tague,744301058-3,1990-07-19T04:47:04Z
841,process improvement,Bartram Langlands,133386624-0,1975-03-17T20:37:35Z
842,flexibility,Shel Ferrer,842114644-0,2016-09-13T00:39:35Z
843,Synergized,Harvey Sives,701681897-7,2020-11-26T06:33:35Z
844,global,Far Keppin,392997880-6,1986-10-16T21:46:06Z
845,heuristic,Emogene Stoak,491084251-9,1995-01-18T10:29:30Z
846,Cross-group,Paulina Haacker,385085708-5,2020-01-16T06:34:19Z
847,impactful,La verne Letty,216948649-6,2004-02-21T21:24:52Z
848,Customizable,Yves Sevitt,371774458-5,2014-10-29T01:12:21Z
849,Implemented,Inna Lissett,606017905-3,1991-07-10T13:22:38Z
850,bandwidth-monitored,Kathie Shillabear,874999973-7,1990-02-23T18:00:37Z
851,product,Sibyl Carleton,473598895-5,2015-11-11T21:12:54Z
852,Profound,Harwell Fumagallo,643883937-X,1975-09-07T13:24:37Z
853,responsive,Lanna Flaonier,577430521-X,2006-10-08T11:18:10Z
854,firmware,Tucky O' Concannon,293009046-4,2010-05-09T16:45:10Z
855,groupware,Royal Thurman,670620816-7,1997-07-23T18:46:25Z
856,upward-trending,Ezechiel McGennis,036980893-2,2015-04-26T02:08:34Z
857,monitoring,Hymie Webling,932388500-2,1994-09-29T00:56:26Z
858,challenge,Sherri Windmill,329571731-1,1997-08-14T15:50:19Z
859,Focused,Franchot Tear,627184443-X,1996-12-03T11:20:51Z
860,zero administration,Sigfried Dumelow,759049889-0,1979-05-04T13:10:35Z
861,Persevering,Dotty Eastlake,592854615-7,1970-04-27T23:35:50Z
862,structure,Vinnie Deniske,747580481-X,2012-07-21T03:41:39Z
863,Universal,Fidole Hairon,868883232-3,1997-08-04T03:56:34Z
864,Stand-alone,Somerset Blackley,322192127-6,1999-11-13T06:53:12Z
865,Horizontal,Dave Clappison,976377393-8,1984-03-01T04:15:28Z
866,cohesive,Shayne Liveing,310142958-7,1973-10-12T10:22:47Z
867,asynchronous,Merline Grevatt,511587761-9,2019-02-25T10:29:01Z
868,conglomeration,Ives Benzi,096951533-2,1985-07-08T12:24:06Z
869,Synergized,Barbabas Spinetti,397440359-0,2008-01-23T02:10:19Z
870,Public-key,Luise Waldram,275459705-0,1981-03-06T18:44:47Z
871,solution-oriented,Lyndy Barter,428466715-7,2006-10-24T16:33:04Z
872,Fundamental,Moishe Dourin,277825376-9,1977-10-15T14:04:58Z
873,Triple-buffered,Gilly Gravenor,874813200-4,1977-02-24T14:37:57Z
874,Graphic Interface,Leanor Flamank,844853455-7,2019-07-04T10:01:20Z
875,analyzer,Joscelin Spybey,604750196-6,1971-01-28T16:11:15Z
876,architecture,Jere Diglin,762853215-2,2019-12-13T15:46:57Z
877,help-desk,Rosalynd Mansel,246814896-7,1987-07-15T14:30:42Z
878,flexibility,Burk Rodenburgh,620144131-X,1994-09-07T23:11:54Z
879,Optional,Alli Kinsell,898942472-0,2007-12-31T04:21:53Z
880,bi-directional,Paige Tait,529723914-1,2012-06-15T09:35:01Z
881,Visionary,Minnaminnie Tock,628801013-8,1976-05-30T11:54:53Z
882,systemic,Giustina Cotterill,961471800-5,1974-03-08T02:54:44Z
883,Re-engineered,Yevette Normadell,740725471-0,2020-08-22T16:09:45Z
884,Managed,Heath Gotobed,431022562-4,2003-02-07T00:18:17Z
885,uniform,Carmina Hugonet,206040023-6,1972-01-15T11:10:21Z
886,heuristic,Zarah Marlin,230769747-0,1991-09-19T17:02:35Z
887,Graphic Interface,Terry Whichelow,946247573-3,1972-05-23T03:49:44Z
888,circuit,Paddy Fortun,846140352-5,1991-12-26T02:09:54Z
889,Configurable,Leon Letch,061360611-6,1993-06-01T02:28:37Z
890,Team-oriented,Wald Postle,773813560-3,2018-05-13T01:00:54Z
891,neutral,Lynnea Ambrogi,046959140-4,1983-01-23T23:17:26Z
892,multimedia,Wynn McCorkell,559125125-0,1989-09-24T21:35:49Z
893,Virtual,Wilone Dennington,307836161-6,2017-12-25T02:21:17Z
894,motivating,Barrie Sautter,321418889-5,1996-02-25T10:26:57Z
895,responsive,Ahmad Whitemarsh,565531996-9,2007-01-12T08:24:53Z
896,contingency,Daphene Slight,620759466-5,1970-11-04T23:29:43Z
897,modular,Cal Ondrus,406971825-7,1984-01-12T00:46:51Z
898,hardware,Taffy Schubbert,621495408-6,1998-09-04T04:57:05Z
899,Adaptive,Ennis Richfield,646618927-9,1992-03-22T07:11:59Z
900,hybrid,Ado Isac,278665571-4,1995-11-06T08:43:32Z
901,matrices,Cindie Dewire,108844030-4,2019-05-11T20:41:34Z
902,flexibility,Edwina Treadaway,884579050-9,2015-05-17T01:39:40Z
903,Extended,Amalie McKaile,109922808-5,1973-11-14T02:47:49Z
904,Realigned,Minetta Mayoh,346879479-7,2008-03-02T10:49:37Z
905,Organized,James Robez,121029845-7,1971-10-03T07:46:36Z
906,24/7,Romy Foster-Smith,584437379-0,1971-10-18T12:06:42Z
907,throughput,Rois Orys,681269678-1,1995-08-15T08:21:18Z
908,groupware,Didi Kassman,198970576-6,1973-03-30T13:01:39Z
909,Multi-channelled,Doe Hansie,629986030-8,2001-09-12T18:04:15Z
910,Graphical User Interface,Adele Goodliff,120684914-2,1971-10-19T07:04:15Z
911,Configurable,Jennilee Vairow,211441900-2,1973-01-23T09:47:01Z
912,6th generation,Hoebart Blaxeland,617732242-5,1972-02-06T18:39:37Z
913,Synergistic,Timi Dunsmore,925151619-7,2014-06-14T07:12:27Z
914,emulation,Shell Barling,966739205-8,2011-04-12T15:59:13Z
915,workforce,Sanderson Beatty,885236472-2,1994-11-04T08:48:57Z
916,task-force,Ilyssa Castello,446109586-X,1971-03-14T08:04:23Z
917,Networked,Mordecai Caress,612576309-9,1987-05-30T21:17:53Z
918,conglomeration,Karlie Cunah,324212240-2,1992-10-28T03:47:20Z
919,array,Claudianus Swede,695365213-6,1982-07-17T15:20:11Z
920,parallelism,Raf Donlon,738261290-2,1995-12-14T22:38:41Z
921,service-desk,Estrella Spadeck,574756310-6,1972-10-08T21:29:49Z
922,Expanded,Tobias Longstreeth,236608967-8,1970-12-10T06:29:35Z
923,Digitized,Mable Bramo,909317738-9,1987-02-08T18:12:58Z
924,foreground,Kaspar Yallowley,107417372-4,2005-01-30T20:29:06Z
925,asynchronous,Erroll Mitroshinov,036274741-5,2009-08-05T23:46:59Z
926,methodical,Galina Ropars,202877232-8,1991-10-03T18:16:07Z
927,Devolved,Desirae Muirhead,233934767-X,1985-10-08T19:21:52Z
928,real-time,Tedi Bracher,058990004-8,1975-01-04T06:53:57Z
929,encryption,Waverly Grene,134425466-7,1975-08-07T23:23:52Z
930,Open-architected,Staffard Baltzar,286581478-5,1991-04-22T13:47:33Z
931,solution-oriented,Torre Treker,036328112-6,1980-02-21T08:50:22Z
932,frame,Sal Allcock,082746313-8,2019-04-19T13:22:45Z
933,fault-tolerant,Zarla Murdoch,433254062-X,1975-11-26T09:05:33Z
934,national,Enrico Samsonsen,782119540-5,1977-12-11T12:57:11Z
935,Multi-tiered,Kristo Fairlamb,001582825-5,1979-08-03T02:03:44Z
936,Managed,Burton Kennermann,994049234-0,2019-09-27T21:27:55Z
937,customer loyalty,Addison Kennedy,021723122-5,2001-12-28T09:13:48Z
938,product,Anson Brimilcombe,588280592-9,2019-08-13T22:47:23Z
939,Cloned,Margeaux Bergin,065501532-9,1979-06-25T06:57:01Z
940,attitude-oriented,Gunar Attenbrough,224217819-9,2017-12-25T18:02:51Z
941,Cross-group,Udall Harness,728123350-7,1994-11-06T00:39:25Z
942,circuit,Giffard Izkovici,671563354-1,1994-07-06T00:35:59Z
943,Programmable,Germayne Bucktrout,068139525-7,1988-06-08T10:10:26Z
944,Team-oriented,Fran Ilyinykh,269725053-0,1972-03-05T12:30:35Z
945,installation,Umberto Hubbins,208876799-1,2002-06-28T18:42:59Z
946,challenge,Erek MacLardie,471225796-2,2010-10-06T17:47:56Z
947,function,Devon Camerana,213380881-7,2007-01-21T03:05:19Z
948,circuit,Nicolle Filipputti,038630424-6,2000-11-16T14:56:58Z
949,implementation,Alanson Burnie,322942999-0,2004-11-17T10:45:30Z
950,Synchronised,Rhonda Merioth,189229761-2,2019-03-31T19:24:25Z
951,strategy,Thia Little,524907861-3,2020-03-25T09:04:59Z
952,software,Margarette Frankom,978384097-5,2006-12-25T00:28:16Z
953,Pre-emptive,Jayne Kremer,950559861-0,1988-09-17T20:02:20Z
954,Seamless,Adi Crain,356710384-9,1981-05-19T10:03:07Z
955,Innovative,Ellswerth Simonitto,782937773-1,1996-10-03T21:25:48Z
956,functionalities,Farleigh Dikelin,968962948-4,2015-01-09T22:23:02Z
957,motivating,Costanza Skokoe,489452847-9,2003-11-27T13:22:21Z
958,Graphical User Interface,Hyacinthe Fish,645092400-4,1985-01-24T00:47:08Z
959,intangible,Claude McKeevers,295358451-X,2005-01-06T11:19:33Z
960,project,Felicle Askey,479007197-9,2017-10-08T19:44:42Z
961,dynamic,Athene Tregido,507095682-5,1986-02-04T03:33:52Z
962,tangible,Emmy Smalridge,069502560-0,2008-11-06T21:47:52Z
963,Realigned,Keriann McQuin,550457757-8,1975-05-24T22:14:17Z
964,Streamlined,Ber O'Gready,575498385-9,1985-06-29T10:23:07Z
965,dedicated,Jonis Artharg,444091339-3,1999-06-11T21:42:28Z
966,analyzing,Ira Agiolfinger,913775869-1,1974-10-14T00:42:34Z
967,zero administration,Lonni Goude,985482881-6,2015-11-24T19:36:03Z
968,incremental,Jolynn O'Dowling,810421087-4,2014-10-22T23:12:29Z
969,systematic,Maddie McGuigan,158960996-4,2018-11-27T14:21:50Z
970,mission-critical,Theodor O'Lenechan,909294087-9,2012-12-26T07:05:05Z
971,Balanced,Chan Bamford,991515178-0,1973-05-03T02:29:05Z
972,Organic,Kylynn Matthius,977001478-8,2014-12-27T10:03:56Z
973,24/7,Fernande Leatham,479400223-8,1997-09-04T23:36:08Z
974,user-facing,Hamlen McTurlough,270931401-0,2009-01-25T03:52:13Z
975,Streamlined,Chelsy Blethin,967084565-3,1993-04-27T19:56:27Z
976,Programmable,Dorthy Felix,582091522-4,1977-06-22T12:27:03Z
977,emulation,Karleen MacRedmond,219398986-9,2019-03-26T04:00:26Z
978,standardization,Mable Held,390784550-1,1995-11-19T14:15:57Z
979,bandwidth-monitored,Chuck Lighterness,899567080-0,1980-06-14T09:14:34Z
980,Fundamental,Gerick Cornthwaite,701690346-X,2018-02-11T02:02:22Z
981,Quality-focused,Peter Enders,249638677-X,1984-07-11T21:47:47Z
982,matrix,Tiff Quinlan,310431532-9,1988-05-27T15:18:01Z
983,budgetary management,Bernadene Longstaff,374227679-4,1989-02-19T06:48:02Z
984,open architecture,Babbette Perutto,416946169-X,2008-07-05T19:49:25Z
985,service-desk,Edithe Hrishanok,191141965-X,2016-06-05T08:08:09Z
986,dedicated,Alfie Mathwin,370368481-X,1986-07-20T17:33:35Z
987,bottom-line,Francesca Gullyes,943268379-6,1976-05-31T18:13:42Z
988,toolset,Robbi Broddle,027701372-0,1991-01-15T15:27:02Z
989,secured line,Nealon Ekless,113503662-4,2012-04-23T11:38:44Z
990,attitude,Bethany Tuckett,779108160-1,1983-05-07T18:50:56Z
991,productivity,Rahal Barke,349345476-7,1980-05-02T10:54:57Z
992,product,Marabel McIlvoray,538349384-0,1982-10-20T21:05:12Z
993,functionalities,Richart MacDonogh,681371674-3,1974-07-31T11:18:04Z
994,emulation,Zach Coniam,715873265-7,2000-07-20T18:00:58Z
995,grid-enabled,Benedikta Eller,568197948-2,1977-06-13T19:31:18Z
996,Object-based,Jordain Beningfield,056276557-3,1973-02-21T22:01:54Z
997,attitude-oriented,Lyda Barwood,454797743-7,1971-05-18T07:21:28Z
998,migration,Boyce Milsom,732674283-9,1984-09-20T04:00:31Z
999,upward-trending,Radcliffe Glyde,754046310-4,2015-02-14T17:57:30Z
1000,Multi-lateral,Archie Lewsam,632026563-9,2005-12-16T17:08:59Z
